Tub,TreatComp,TreatHydro,Block,Species,Surv.YN
1AE,A,Drying,1,PSRE,1
1AE,A,Drying,1,PSRE,1
1AE,A,Drying,1,PSRE,1
1AE,A,Drying,1,PSRE,1
1AE,A,Drying,1,PSRE,1
1AE,A,Drying,1,PSRE,1
1AE,A,Drying,1,PSRE,1
1AE,A,Drying,1,PSRE,1
1AE,A,Drying,1,PSRE,1
1AE,A,Drying,1,PSRE,1
1AE,A,Drying,1,PSRE,1
1AE,A,Drying,1,PSRE,1
1AE,A,Drying,1,PSRE,1
1AE,A,Drying,1,PSRE,1
1AE,A,Drying,1,PSRE,0
1AE,A,Drying,1,PSRE,0
1AE,A,Drying,1,PSRE,0
1AE,A,Drying,1,PSRE,0
1AE,A,Drying,1,PSRE,0
1AE,A,Drying,1,PSRE,0
1AE,A,Drying,1,PSRE,0
1AE,A,Drying,1,PSRE,0
1AE,A,Drying,1,PSRE,0
1AE,A,Drying,1,PSRE,0
1AE,A,Drying,1,PSRE,0
1AE,A,Drying,1,PSRE,0
1AE,A,Drying,1,PSRE,0
1AE,A,Drying,1,PSRE,0
1AE,A,Drying,1,PSRE,0
1AE,A,Drying,1,PSRE,0
1AE,A,Drying,1,PSRE,0
1AP,A,Permanent,1,PSRE,1
1AP,A,Permanent,1,PSRE,1
1AP,A,Permanent,1,PSRE,1
1AP,A,Permanent,1,PSRE,1
1AP,A,Permanent,1,PSRE,1
1AP,A,Permanent,1,PSRE,1
1AP,A,Permanent,1,PSRE,1
1AP,A,Permanent,1,PSRE,1
1AP,A,Permanent,1,PSRE,1
1AP,A,Permanent,1,PSRE,1
1AP,A,Permanent,1,PSRE,1
1AP,A,Permanent,1,PSRE,1
1AP,A,Permanent,1,PSRE,1
1AP,A,Permanent,1,PSRE,1
1AP,A,Permanent,1,PSRE,1
1AP,A,Permanent,1,PSRE,1
1AP,A,Permanent,1,PSRE,1
1AP,A,Permanent,1,PSRE,1
1AP,A,Permanent,1,PSRE,1
1AP,A,Permanent,1,PSRE,1
1AP,A,Permanent,1,PSRE,1
1AP,A,Permanent,1,PSRE,1
1AP,A,Permanent,1,PSRE,0
1AP,A,Permanent,1,PSRE,0
1AP,A,Permanent,1,PSRE,0
1AP,A,Permanent,1,PSRE,0
1AP,A,Permanent,1,PSRE,0
1AP,A,Permanent,1,PSRE,0
1AP,A,Permanent,1,PSRE,0
1AP,A,Permanent,1,PSRE,0
1BE,B,Drying,1,RACA,1
1BE,B,Drying,1,RACA,1
1BE,B,Drying,1,RACA,1
1BE,B,Drying,1,RACA,1
1BE,B,Drying,1,RACA,0
1BE,B,Drying,1,RACA,0
1BE,B,Drying,1,RACA,0
1BE,B,Drying,1,RACA,0
1BE,B,Drying,1,RACA,0
1BE,B,Drying,1,RACA,0
1BE,B,Drying,1,RACA,0
1BE,B,Drying,1,RACA,0
1BE,B,Drying,1,RACA,0
1BE,B,Drying,1,RACA,0
1BE,B,Drying,1,RACA,0
1BE,B,Drying,1,RACA,0
1BE,B,Drying,1,RACA,0
1BE,B,Drying,1,RACA,0
1BE,B,Drying,1,RACA,0
1BE,B,Drying,1,RACA,0
1BE,B,Drying,1,RACA,0
1BE,B,Drying,1,RACA,0
1BE,B,Drying,1,RACA,0
1BE,B,Drying,1,RACA,0
1BE,B,Drying,1,RACA,0
1BE,B,Drying,1,RACA,0
1BE,B,Drying,1,RACA,0
1BE,B,Drying,1,RACA,0
1BE,B,Drying,1,RACA,0
1BE,B,Drying,1,RACA,0
1BP,B,Permanent,1,RACA,1
1BP,B,Permanent,1,RACA,1
1BP,B,Permanent,1,RACA,1
1BP,B,Permanent,1,RACA,1
1BP,B,Permanent,1,RACA,1
1BP,B,Permanent,1,RACA,1
1BP,B,Permanent,1,RACA,1
1BP,B,Permanent,1,RACA,1
1BP,B,Permanent,1,RACA,1
1BP,B,Permanent,1,RACA,0
1BP,B,Permanent,1,RACA,0
1BP,B,Permanent,1,RACA,0
1BP,B,Permanent,1,RACA,0
1BP,B,Permanent,1,RACA,0
1BP,B,Permanent,1,RACA,0
1BP,B,Permanent,1,RACA,0
1BP,B,Permanent,1,RACA,0
1BP,B,Permanent,1,RACA,0
1BP,B,Permanent,1,RACA,0
1BP,B,Permanent,1,RACA,0
1BP,B,Permanent,1,RACA,0
1BP,B,Permanent,1,RACA,0
1BP,B,Permanent,1,RACA,0
1BP,B,Permanent,1,RACA,0
1BP,B,Permanent,1,RACA,0
1BP,B,Permanent,1,RACA,0
1BP,B,Permanent,1,RACA,0
1BP,B,Permanent,1,RACA,0
1BP,B,Permanent,1,RACA,0
1BP,B,Permanent,1,RACA,0
1CE,C,Drying,1,ANBO,1
1CE,C,Drying,1,ANBO,1
1CE,C,Drying,1,ANBO,1
1CE,C,Drying,1,ANBO,1
1CE,C,Drying,1,ANBO,1
1CE,C,Drying,1,ANBO,1
1CE,C,Drying,1,ANBO,0
1CE,C,Drying,1,ANBO,0
1CE,C,Drying,1,ANBO,0
1CE,C,Drying,1,ANBO,0
1CE,C,Drying,1,ANBO,0
1CE,C,Drying,1,ANBO,0
1CE,C,Drying,1,ANBO,0
1CE,C,Drying,1,ANBO,0
1CE,C,Drying,1,ANBO,0
1CE,C,Drying,1,ANBO,0
1CE,C,Drying,1,ANBO,0
1CE,C,Drying,1,ANBO,0
1CE,C,Drying,1,ANBO,0
1CE,C,Drying,1,ANBO,0
1CE,C,Drying,1,ANBO,0
1CE,C,Drying,1,ANBO,0
1CE,C,Drying,1,ANBO,0
1CE,C,Drying,1,ANBO,0
1CE,C,Drying,1,ANBO,0
1CE,C,Drying,1,ANBO,0
1CE,C,Drying,1,ANBO,0
1CE,C,Drying,1,ANBO,0
1CE,C,Drying,1,ANBO,0
1CE,C,Drying,1,ANBO,0
1CP,C,Permanent,1,ANBO,1
1CP,C,Permanent,1,ANBO,1
1CP,C,Permanent,1,ANBO,1
1CP,C,Permanent,1,ANBO,1
1CP,C,Permanent,1,ANBO,1
1CP,C,Permanent,1,ANBO,1
1CP,C,Permanent,1,ANBO,1
1CP,C,Permanent,1,ANBO,1
1CP,C,Permanent,1,ANBO,1
1CP,C,Permanent,1,ANBO,1
1CP,C,Permanent,1,ANBO,1
1CP,C,Permanent,1,ANBO,1
1CP,C,Permanent,1,ANBO,1
1CP,C,Permanent,1,ANBO,1
1CP,C,Permanent,1,ANBO,1
1CP,C,Permanent,1,ANBO,1
1CP,C,Permanent,1,ANBO,1
1CP,C,Permanent,1,ANBO,1
1CP,C,Permanent,1,ANBO,1
1CP,C,Permanent,1,ANBO,1
1CP,C,Permanent,1,ANBO,1
1CP,C,Permanent,1,ANBO,1
1CP,C,Permanent,1,ANBO,1
1CP,C,Permanent,1,ANBO,1
1CP,C,Permanent,1,ANBO,0
1CP,C,Permanent,1,ANBO,0
1CP,C,Permanent,1,ANBO,0
1CP,C,Permanent,1,ANBO,0
1CP,C,Permanent,1,ANBO,0
1CP,C,Permanent,1,ANBO,0
1DE,D,Drying,1,PSRE,0
1DE,D,Drying,1,PSRE,0
1DE,D,Drying,1,PSRE,0
1DE,D,Drying,1,PSRE,0
1DE,D,Drying,1,PSRE,0
1DE,D,Drying,1,PSRE,0
1DE,D,Drying,1,PSRE,0
1DE,D,Drying,1,PSRE,0
1DE,D,Drying,1,PSRE,0
1DE,D,Drying,1,PSRE,0
1DE,D,Drying,1,PSRE,0
1DE,D,Drying,1,PSRE,0
1DE,D,Drying,1,PSRE,0
1DE,D,Drying,1,PSRE,0
1DE,D,Drying,1,PSRE,0
1DE,D,Drying,1,RACA,1
1DE,D,Drying,1,RACA,1
1DE,D,Drying,1,RACA,0
1DE,D,Drying,1,RACA,0
1DE,D,Drying,1,RACA,0
1DE,D,Drying,1,RACA,0
1DE,D,Drying,1,RACA,0
1DE,D,Drying,1,RACA,0
1DE,D,Drying,1,RACA,0
1DE,D,Drying,1,RACA,0
1DE,D,Drying,1,RACA,0
1DE,D,Drying,1,RACA,0
1DE,D,Drying,1,RACA,0
1DE,D,Drying,1,RACA,0
1DE,D,Drying,1,RACA,0
1DP,D,Permanent,1,PSRE,1
1DP,D,Permanent,1,PSRE,1
1DP,D,Permanent,1,PSRE,1
1DP,D,Permanent,1,PSRE,1
1DP,D,Permanent,1,PSRE,1
1DP,D,Permanent,1,PSRE,1
1DP,D,Permanent,1,PSRE,0
1DP,D,Permanent,1,PSRE,0
1DP,D,Permanent,1,PSRE,0
1DP,D,Permanent,1,PSRE,0
1DP,D,Permanent,1,PSRE,0
1DP,D,Permanent,1,PSRE,0
1DP,D,Permanent,1,PSRE,0
1DP,D,Permanent,1,PSRE,0
1DP,D,Permanent,1,PSRE,0
1DP,D,Permanent,1,RACA,1
1DP,D,Permanent,1,RACA,1
1DP,D,Permanent,1,RACA,1
1DP,D,Permanent,1,RACA,1
1DP,D,Permanent,1,RACA,1
1DP,D,Permanent,1,RACA,1
1DP,D,Permanent,1,RACA,1
1DP,D,Permanent,1,RACA,1
1DP,D,Permanent,1,RACA,1
1DP,D,Permanent,1,RACA,1
1DP,D,Permanent,1,RACA,1
1DP,D,Permanent,1,RACA,1
1DP,D,Permanent,1,RACA,0
1DP,D,Permanent,1,RACA,0
1DP,D,Permanent,1,RACA,0
1EE,E,Drying,1,ANBO,1
1EE,E,Drying,1,ANBO,1
1EE,E,Drying,1,ANBO,1
1EE,E,Drying,1,ANBO,1
1EE,E,Drying,1,ANBO,1
1EE,E,Drying,1,ANBO,1
1EE,E,Drying,1,ANBO,0
1EE,E,Drying,1,ANBO,0
1EE,E,Drying,1,ANBO,0
1EE,E,Drying,1,ANBO,0
1EE,E,Drying,1,ANBO,0
1EE,E,Drying,1,ANBO,0
1EE,E,Drying,1,ANBO,0
1EE,E,Drying,1,ANBO,0
1EE,E,Drying,1,ANBO,0
1EE,E,Drying,1,RACA,1
1EE,E,Drying,1,RACA,1
1EE,E,Drying,1,RACA,1
1EE,E,Drying,1,RACA,1
1EE,E,Drying,1,RACA,1
1EE,E,Drying,1,RACA,0
1EE,E,Drying,1,RACA,0
1EE,E,Drying,1,RACA,0
1EE,E,Drying,1,RACA,0
1EE,E,Drying,1,RACA,0
1EE,E,Drying,1,RACA,0
1EE,E,Drying,1,RACA,0
1EE,E,Drying,1,RACA,0
1EE,E,Drying,1,RACA,0
1EE,E,Drying,1,RACA,0
1EP,E,Permanent,1,ANBO,1
1EP,E,Permanent,1,ANBO,1
1EP,E,Permanent,1,ANBO,1
1EP,E,Permanent,1,ANBO,1
1EP,E,Permanent,1,ANBO,1
1EP,E,Permanent,1,ANBO,1
1EP,E,Permanent,1,ANBO,1
1EP,E,Permanent,1,ANBO,1
1EP,E,Permanent,1,ANBO,0
1EP,E,Permanent,1,ANBO,0
1EP,E,Permanent,1,ANBO,0
1EP,E,Permanent,1,ANBO,0
1EP,E,Permanent,1,ANBO,0
1EP,E,Permanent,1,ANBO,0
1EP,E,Permanent,1,ANBO,0
1EP,E,Permanent,1,RACA,1
1EP,E,Permanent,1,RACA,1
1EP,E,Permanent,1,RACA,1
1EP,E,Permanent,1,RACA,1
1EP,E,Permanent,1,RACA,1
1EP,E,Permanent,1,RACA,0
1EP,E,Permanent,1,RACA,0
1EP,E,Permanent,1,RACA,0
1EP,E,Permanent,1,RACA,0
1EP,E,Permanent,1,RACA,0
1EP,E,Permanent,1,RACA,0
1EP,E,Permanent,1,RACA,0
1EP,E,Permanent,1,RACA,0
1EP,E,Permanent,1,RACA,0
1EP,E,Permanent,1,RACA,0
1FE,F,Drying,1,ANBO,1
1FE,F,Drying,1,ANBO,1
1FE,F,Drying,1,ANBO,1
1FE,F,Drying,1,ANBO,1
1FE,F,Drying,1,ANBO,1
1FE,F,Drying,1,ANBO,0
1FE,F,Drying,1,ANBO,0
1FE,F,Drying,1,ANBO,0
1FE,F,Drying,1,ANBO,0
1FE,F,Drying,1,ANBO,0
1FE,F,Drying,1,ANBO,0
1FE,F,Drying,1,ANBO,0
1FE,F,Drying,1,ANBO,0
1FE,F,Drying,1,ANBO,0
1FE,F,Drying,1,ANBO,0
1FE,F,Drying,1,PSRE,1
1FE,F,Drying,1,PSRE,1
1FE,F,Drying,1,PSRE,1
1FE,F,Drying,1,PSRE,1
1FE,F,Drying,1,PSRE,1
1FE,F,Drying,1,PSRE,1
1FE,F,Drying,1,PSRE,1
1FE,F,Drying,1,PSRE,1
1FE,F,Drying,1,PSRE,1
1FE,F,Drying,1,PSRE,0
1FE,F,Drying,1,PSRE,0
1FE,F,Drying,1,PSRE,0
1FE,F,Drying,1,PSRE,0
1FE,F,Drying,1,PSRE,0
1FE,F,Drying,1,PSRE,0
1FP,F,Permanent,1,ANBO,1
1FP,F,Permanent,1,ANBO,1
1FP,F,Permanent,1,ANBO,1
1FP,F,Permanent,1,ANBO,1
1FP,F,Permanent,1,ANBO,1
1FP,F,Permanent,1,ANBO,1
1FP,F,Permanent,1,ANBO,1
1FP,F,Permanent,1,ANBO,1
1FP,F,Permanent,1,ANBO,1
1FP,F,Permanent,1,ANBO,1
1FP,F,Permanent,1,ANBO,1
1FP,F,Permanent,1,ANBO,0
1FP,F,Permanent,1,ANBO,0
1FP,F,Permanent,1,ANBO,0
1FP,F,Permanent,1,ANBO,0
1FP,F,Permanent,1,PSRE,1
1FP,F,Permanent,1,PSRE,1
1FP,F,Permanent,1,PSRE,1
1FP,F,Permanent,1,PSRE,1
1FP,F,Permanent,1,PSRE,1
1FP,F,Permanent,1,PSRE,1
1FP,F,Permanent,1,PSRE,1
1FP,F,Permanent,1,PSRE,1
1FP,F,Permanent,1,PSRE,1
1FP,F,Permanent,1,PSRE,1
1FP,F,Permanent,1,PSRE,0
1FP,F,Permanent,1,PSRE,0
1FP,F,Permanent,1,PSRE,0
1FP,F,Permanent,1,PSRE,0
1FP,F,Permanent,1,PSRE,0
1GE,G,Drying,1,ANBO,1
1GE,G,Drying,1,ANBO,1
1GE,G,Drying,1,ANBO,1
1GE,G,Drying,1,ANBO,1
1GE,G,Drying,1,ANBO,1
1GE,G,Drying,1,ANBO,0
1GE,G,Drying,1,ANBO,0
1GE,G,Drying,1,ANBO,0
1GE,G,Drying,1,ANBO,0
1GE,G,Drying,1,ANBO,0
1GE,G,Drying,1,PSRE,1
1GE,G,Drying,1,PSRE,1
1GE,G,Drying,1,PSRE,0
1GE,G,Drying,1,PSRE,0
1GE,G,Drying,1,PSRE,0
1GE,G,Drying,1,PSRE,0
1GE,G,Drying,1,PSRE,0
1GE,G,Drying,1,PSRE,0
1GE,G,Drying,1,PSRE,0
1GE,G,Drying,1,PSRE,0
1GE,G,Drying,1,RACA,1
1GE,G,Drying,1,RACA,1
1GE,G,Drying,1,RACA,1
1GE,G,Drying,1,RACA,1
1GE,G,Drying,1,RACA,1
1GE,G,Drying,1,RACA,0
1GE,G,Drying,1,RACA,0
1GE,G,Drying,1,RACA,0
1GE,G,Drying,1,RACA,0
1GE,G,Drying,1,RACA,0
1GP,G,Permanent,1,ANBO,1
1GP,G,Permanent,1,ANBO,1
1GP,G,Permanent,1,ANBO,1
1GP,G,Permanent,1,ANBO,1
1GP,G,Permanent,1,ANBO,1
1GP,G,Permanent,1,ANBO,1
1GP,G,Permanent,1,ANBO,0
1GP,G,Permanent,1,ANBO,0
1GP,G,Permanent,1,ANBO,0
1GP,G,Permanent,1,ANBO,0
1GP,G,Permanent,1,PSRE,1
1GP,G,Permanent,1,PSRE,1
1GP,G,Permanent,1,PSRE,1
1GP,G,Permanent,1,PSRE,1
1GP,G,Permanent,1,PSRE,1
1GP,G,Permanent,1,PSRE,0
1GP,G,Permanent,1,PSRE,0
1GP,G,Permanent,1,PSRE,0
1GP,G,Permanent,1,PSRE,0
1GP,G,Permanent,1,PSRE,0
1GP,G,Permanent,1,RACA,1
1GP,G,Permanent,1,RACA,1
1GP,G,Permanent,1,RACA,1
1GP,G,Permanent,1,RACA,1
1GP,G,Permanent,1,RACA,1
1GP,G,Permanent,1,RACA,1
1GP,G,Permanent,1,RACA,0
1GP,G,Permanent,1,RACA,0
1GP,G,Permanent,1,RACA,0
1GP,G,Permanent,1,RACA,0
2AE,A,Drying,2,PSRE,1
2AE,A,Drying,2,PSRE,1
2AE,A,Drying,2,PSRE,1
2AE,A,Drying,2,PSRE,1
2AE,A,Drying,2,PSRE,1
2AE,A,Drying,2,PSRE,1
2AE,A,Drying,2,PSRE,1
2AE,A,Drying,2,PSRE,1
2AE,A,Drying,2,PSRE,0
2AE,A,Drying,2,PSRE,0
2AE,A,Drying,2,PSRE,0
2AE,A,Drying,2,PSRE,0
2AE,A,Drying,2,PSRE,0
2AE,A,Drying,2,PSRE,0
2AE,A,Drying,2,PSRE,0
2AE,A,Drying,2,PSRE,0
2AE,A,Drying,2,PSRE,0
2AE,A,Drying,2,PSRE,0
2AE,A,Drying,2,PSRE,0
2AE,A,Drying,2,PSRE,0
2AE,A,Drying,2,PSRE,0
2AE,A,Drying,2,PSRE,0
2AE,A,Drying,2,PSRE,0
2AE,A,Drying,2,PSRE,0
2AE,A,Drying,2,PSRE,0
2AE,A,Drying,2,PSRE,0
2AE,A,Drying,2,PSRE,0
2AE,A,Drying,2,PSRE,0
2AE,A,Drying,2,PSRE,0
2AE,A,Drying,2,PSRE,0
2AP,A,Permanent,2,PSRE,1
2AP,A,Permanent,2,PSRE,1
2AP,A,Permanent,2,PSRE,1
2AP,A,Permanent,2,PSRE,1
2AP,A,Permanent,2,PSRE,1
2AP,A,Permanent,2,PSRE,1
2AP,A,Permanent,2,PSRE,1
2AP,A,Permanent,2,PSRE,1
2AP,A,Permanent,2,PSRE,1
2AP,A,Permanent,2,PSRE,1
2AP,A,Permanent,2,PSRE,1
2AP,A,Permanent,2,PSRE,1
2AP,A,Permanent,2,PSRE,1
2AP,A,Permanent,2,PSRE,1
2AP,A,Permanent,2,PSRE,1
2AP,A,Permanent,2,PSRE,1
2AP,A,Permanent,2,PSRE,1
2AP,A,Permanent,2,PSRE,1
2AP,A,Permanent,2,PSRE,0
2AP,A,Permanent,2,PSRE,0
2AP,A,Permanent,2,PSRE,0
2AP,A,Permanent,2,PSRE,0
2AP,A,Permanent,2,PSRE,0
2AP,A,Permanent,2,PSRE,0
2AP,A,Permanent,2,PSRE,0
2AP,A,Permanent,2,PSRE,0
2AP,A,Permanent,2,PSRE,0
2AP,A,Permanent,2,PSRE,0
2AP,A,Permanent,2,PSRE,0
2AP,A,Permanent,2,PSRE,0
2BE,B,Drying,2,RACA,1
2BE,B,Drying,2,RACA,1
2BE,B,Drying,2,RACA,1
2BE,B,Drying,2,RACA,1
2BE,B,Drying,2,RACA,1
2BE,B,Drying,2,RACA,1
2BE,B,Drying,2,RACA,1
2BE,B,Drying,2,RACA,1
2BE,B,Drying,2,RACA,1
2BE,B,Drying,2,RACA,1
2BE,B,Drying,2,RACA,1
2BE,B,Drying,2,RACA,1
2BE,B,Drying,2,RACA,1
2BE,B,Drying,2,RACA,0
2BE,B,Drying,2,RACA,0
2BE,B,Drying,2,RACA,0
2BE,B,Drying,2,RACA,0
2BE,B,Drying,2,RACA,0
2BE,B,Drying,2,RACA,0
2BE,B,Drying,2,RACA,0
2BE,B,Drying,2,RACA,0
2BE,B,Drying,2,RACA,0
2BE,B,Drying,2,RACA,0
2BE,B,Drying,2,RACA,0
2BE,B,Drying,2,RACA,0
2BE,B,Drying,2,RACA,0
2BE,B,Drying,2,RACA,0
2BE,B,Drying,2,RACA,0
2BE,B,Drying,2,RACA,0
2BE,B,Drying,2,RACA,0
2BP,B,Permanent,2,RACA,1
2BP,B,Permanent,2,RACA,1
2BP,B,Permanent,2,RACA,1
2BP,B,Permanent,2,RACA,1
2BP,B,Permanent,2,RACA,1
2BP,B,Permanent,2,RACA,1
2BP,B,Permanent,2,RACA,1
2BP,B,Permanent,2,RACA,1
2BP,B,Permanent,2,RACA,0
2BP,B,Permanent,2,RACA,0
2BP,B,Permanent,2,RACA,0
2BP,B,Permanent,2,RACA,0
2BP,B,Permanent,2,RACA,0
2BP,B,Permanent,2,RACA,0
2BP,B,Permanent,2,RACA,0
2BP,B,Permanent,2,RACA,0
2BP,B,Permanent,2,RACA,0
2BP,B,Permanent,2,RACA,0
2BP,B,Permanent,2,RACA,0
2BP,B,Permanent,2,RACA,0
2BP,B,Permanent,2,RACA,0
2BP,B,Permanent,2,RACA,0
2BP,B,Permanent,2,RACA,0
2BP,B,Permanent,2,RACA,0
2BP,B,Permanent,2,RACA,0
2BP,B,Permanent,2,RACA,0
2BP,B,Permanent,2,RACA,0
2BP,B,Permanent,2,RACA,0
2BP,B,Permanent,2,RACA,0
2BP,B,Permanent,2,RACA,0
2CE,C,Drying,2,ANBO,1
2CE,C,Drying,2,ANBO,1
2CE,C,Drying,2,ANBO,1
2CE,C,Drying,2,ANBO,1
2CE,C,Drying,2,ANBO,1
2CE,C,Drying,2,ANBO,1
2CE,C,Drying,2,ANBO,1
2CE,C,Drying,2,ANBO,1
2CE,C,Drying,2,ANBO,1
2CE,C,Drying,2,ANBO,1
2CE,C,Drying,2,ANBO,1
2CE,C,Drying,2,ANBO,1
2CE,C,Drying,2,ANBO,1
2CE,C,Drying,2,ANBO,1
2CE,C,Drying,2,ANBO,1
2CE,C,Drying,2,ANBO,1
2CE,C,Drying,2,ANBO,1
2CE,C,Drying,2,ANBO,1
2CE,C,Drying,2,ANBO,1
2CE,C,Drying,2,ANBO,1
2CE,C,Drying,2,ANBO,1
2CE,C,Drying,2,ANBO,1
2CE,C,Drying,2,ANBO,1
2CE,C,Drying,2,ANBO,1
2CE,C,Drying,2,ANBO,0
2CE,C,Drying,2,ANBO,0
2CE,C,Drying,2,ANBO,0
2CE,C,Drying,2,ANBO,0
2CE,C,Drying,2,ANBO,0
2CE,C,Drying,2,ANBO,0
2CP,C,Permanent,2,ANBO,1
2CP,C,Permanent,2,ANBO,1
2CP,C,Permanent,2,ANBO,1
2CP,C,Permanent,2,ANBO,1
2CP,C,Permanent,2,ANBO,1
2CP,C,Permanent,2,ANBO,1
2CP,C,Permanent,2,ANBO,1
2CP,C,Permanent,2,ANBO,1
2CP,C,Permanent,2,ANBO,1
2CP,C,Permanent,2,ANBO,1
2CP,C,Permanent,2,ANBO,1
2CP,C,Permanent,2,ANBO,1
2CP,C,Permanent,2,ANBO,1
2CP,C,Permanent,2,ANBO,1
2CP,C,Permanent,2,ANBO,1
2CP,C,Permanent,2,ANBO,1
2CP,C,Permanent,2,ANBO,1
2CP,C,Permanent,2,ANBO,1
2CP,C,Permanent,2,ANBO,1
2CP,C,Permanent,2,ANBO,1
2CP,C,Permanent,2,ANBO,1
2CP,C,Permanent,2,ANBO,1
2CP,C,Permanent,2,ANBO,1
2CP,C,Permanent,2,ANBO,1
2CP,C,Permanent,2,ANBO,1
2CP,C,Permanent,2,ANBO,0
2CP,C,Permanent,2,ANBO,0
2CP,C,Permanent,2,ANBO,0
2CP,C,Permanent,2,ANBO,0
2CP,C,Permanent,2,ANBO,0
2DE,D,Drying,2,PSRE,1
2DE,D,Drying,2,PSRE,1
2DE,D,Drying,2,PSRE,1
2DE,D,Drying,2,PSRE,1
2DE,D,Drying,2,PSRE,1
2DE,D,Drying,2,PSRE,1
2DE,D,Drying,2,PSRE,1
2DE,D,Drying,2,PSRE,1
2DE,D,Drying,2,PSRE,1
2DE,D,Drying,2,PSRE,0
2DE,D,Drying,2,PSRE,0
2DE,D,Drying,2,PSRE,0
2DE,D,Drying,2,PSRE,0
2DE,D,Drying,2,PSRE,0
2DE,D,Drying,2,PSRE,0
2DE,D,Drying,2,RACA,1
2DE,D,Drying,2,RACA,1
2DE,D,Drying,2,RACA,1
2DE,D,Drying,2,RACA,1
2DE,D,Drying,2,RACA,1
2DE,D,Drying,2,RACA,1
2DE,D,Drying,2,RACA,1
2DE,D,Drying,2,RACA,0
2DE,D,Drying,2,RACA,0
2DE,D,Drying,2,RACA,0
2DE,D,Drying,2,RACA,0
2DE,D,Drying,2,RACA,0
2DE,D,Drying,2,RACA,0
2DE,D,Drying,2,RACA,0
2DE,D,Drying,2,RACA,0
2DP,D,Permanent,2,PSRE,1
2DP,D,Permanent,2,PSRE,1
2DP,D,Permanent,2,PSRE,1
2DP,D,Permanent,2,PSRE,1
2DP,D,Permanent,2,PSRE,1
2DP,D,Permanent,2,PSRE,0
2DP,D,Permanent,2,PSRE,0
2DP,D,Permanent,2,PSRE,0
2DP,D,Permanent,2,PSRE,0
2DP,D,Permanent,2,PSRE,0
2DP,D,Permanent,2,PSRE,0
2DP,D,Permanent,2,PSRE,0
2DP,D,Permanent,2,PSRE,0
2DP,D,Permanent,2,PSRE,0
2DP,D,Permanent,2,PSRE,0
2DP,D,Permanent,2,RACA,1
2DP,D,Permanent,2,RACA,1
2DP,D,Permanent,2,RACA,1
2DP,D,Permanent,2,RACA,1
2DP,D,Permanent,2,RACA,1
2DP,D,Permanent,2,RACA,0
2DP,D,Permanent,2,RACA,0
2DP,D,Permanent,2,RACA,0
2DP,D,Permanent,2,RACA,0
2DP,D,Permanent,2,RACA,0
2DP,D,Permanent,2,RACA,0
2DP,D,Permanent,2,RACA,0
2DP,D,Permanent,2,RACA,0
2DP,D,Permanent,2,RACA,0
2DP,D,Permanent,2,RACA,0
2EE,E,Drying,2,ANBO,1
2EE,E,Drying,2,ANBO,1
2EE,E,Drying,2,ANBO,1
2EE,E,Drying,2,ANBO,1
2EE,E,Drying,2,ANBO,1
2EE,E,Drying,2,ANBO,0
2EE,E,Drying,2,ANBO,0
2EE,E,Drying,2,ANBO,0
2EE,E,Drying,2,ANBO,0
2EE,E,Drying,2,ANBO,0
2EE,E,Drying,2,ANBO,0
2EE,E,Drying,2,ANBO,0
2EE,E,Drying,2,ANBO,0
2EE,E,Drying,2,ANBO,0
2EE,E,Drying,2,ANBO,0
2EE,E,Drying,2,RACA,1
2EE,E,Drying,2,RACA,1
2EE,E,Drying,2,RACA,1
2EE,E,Drying,2,RACA,1
2EE,E,Drying,2,RACA,0
2EE,E,Drying,2,RACA,0
2EE,E,Drying,2,RACA,0
2EE,E,Drying,2,RACA,0
2EE,E,Drying,2,RACA,0
2EE,E,Drying,2,RACA,0
2EE,E,Drying,2,RACA,0
2EE,E,Drying,2,RACA,0
2EE,E,Drying,2,RACA,0
2EE,E,Drying,2,RACA,0
2EE,E,Drying,2,RACA,0
2EE,E,Drying,2,RACA,0
2EP,E,Permanent,2,ANBO,1
2EP,E,Permanent,2,ANBO,1
2EP,E,Permanent,2,ANBO,1
2EP,E,Permanent,2,ANBO,1
2EP,E,Permanent,2,ANBO,1
2EP,E,Permanent,2,ANBO,1
2EP,E,Permanent,2,ANBO,1
2EP,E,Permanent,2,ANBO,1
2EP,E,Permanent,2,ANBO,1
2EP,E,Permanent,2,ANBO,0
2EP,E,Permanent,2,ANBO,0
2EP,E,Permanent,2,ANBO,0
2EP,E,Permanent,2,ANBO,0
2EP,E,Permanent,2,ANBO,0
2EP,E,Permanent,2,ANBO,0
2EP,E,Permanent,2,RACA,1
2EP,E,Permanent,2,RACA,1
2EP,E,Permanent,2,RACA,1
2EP,E,Permanent,2,RACA,1
2EP,E,Permanent,2,RACA,1
2EP,E,Permanent,2,RACA,1
2EP,E,Permanent,2,RACA,0
2EP,E,Permanent,2,RACA,0
2EP,E,Permanent,2,RACA,0
2EP,E,Permanent,2,RACA,0
2EP,E,Permanent,2,RACA,0
2EP,E,Permanent,2,RACA,0
2EP,E,Permanent,2,RACA,0
2EP,E,Permanent,2,RACA,0
2EP,E,Permanent,2,RACA,0
2FE,F,Drying,2,ANBO,1
2FE,F,Drying,2,ANBO,1
2FE,F,Drying,2,ANBO,1
2FE,F,Drying,2,ANBO,1
2FE,F,Drying,2,ANBO,1
2FE,F,Drying,2,ANBO,1
2FE,F,Drying,2,ANBO,1
2FE,F,Drying,2,ANBO,1
2FE,F,Drying,2,ANBO,1
2FE,F,Drying,2,ANBO,1
2FE,F,Drying,2,ANBO,1
2FE,F,Drying,2,ANBO,0
2FE,F,Drying,2,ANBO,0
2FE,F,Drying,2,ANBO,0
2FE,F,Drying,2,ANBO,0
2FE,F,Drying,2,PSRE,1
2FE,F,Drying,2,PSRE,1
2FE,F,Drying,2,PSRE,1
2FE,F,Drying,2,PSRE,1
2FE,F,Drying,2,PSRE,1
2FE,F,Drying,2,PSRE,1
2FE,F,Drying,2,PSRE,0
2FE,F,Drying,2,PSRE,0
2FE,F,Drying,2,PSRE,0
2FE,F,Drying,2,PSRE,0
2FE,F,Drying,2,PSRE,0
2FE,F,Drying,2,PSRE,0
2FE,F,Drying,2,PSRE,0
2FE,F,Drying,2,PSRE,0
2FE,F,Drying,2,PSRE,0
2FP,F,Permanent,2,ANBO,1
2FP,F,Permanent,2,ANBO,1
2FP,F,Permanent,2,ANBO,1
2FP,F,Permanent,2,ANBO,1
2FP,F,Permanent,2,ANBO,1
2FP,F,Permanent,2,ANBO,1
2FP,F,Permanent,2,ANBO,1
2FP,F,Permanent,2,ANBO,1
2FP,F,Permanent,2,ANBO,1
2FP,F,Permanent,2,ANBO,1
2FP,F,Permanent,2,ANBO,1
2FP,F,Permanent,2,ANBO,0
2FP,F,Permanent,2,ANBO,0
2FP,F,Permanent,2,ANBO,0
2FP,F,Permanent,2,ANBO,0
2FP,F,Permanent,2,PSRE,1
2FP,F,Permanent,2,PSRE,1
2FP,F,Permanent,2,PSRE,1
2FP,F,Permanent,2,PSRE,1
2FP,F,Permanent,2,PSRE,1
2FP,F,Permanent,2,PSRE,1
2FP,F,Permanent,2,PSRE,1
2FP,F,Permanent,2,PSRE,1
2FP,F,Permanent,2,PSRE,0
2FP,F,Permanent,2,PSRE,0
2FP,F,Permanent,2,PSRE,0
2FP,F,Permanent,2,PSRE,0
2FP,F,Permanent,2,PSRE,0
2FP,F,Permanent,2,PSRE,0
2FP,F,Permanent,2,PSRE,0
2GE,G,Drying,2,ANBO,1
2GE,G,Drying,2,ANBO,1
2GE,G,Drying,2,ANBO,1
2GE,G,Drying,2,ANBO,1
2GE,G,Drying,2,ANBO,1
2GE,G,Drying,2,ANBO,1
2GE,G,Drying,2,ANBO,0
2GE,G,Drying,2,ANBO,0
2GE,G,Drying,2,ANBO,0
2GE,G,Drying,2,ANBO,0
2GE,G,Drying,2,PSRE,1
2GE,G,Drying,2,PSRE,1
2GE,G,Drying,2,PSRE,1
2GE,G,Drying,2,PSRE,1
2GE,G,Drying,2,PSRE,1
2GE,G,Drying,2,PSRE,1
2GE,G,Drying,2,PSRE,1
2GE,G,Drying,2,PSRE,1
2GE,G,Drying,2,PSRE,0
2GE,G,Drying,2,PSRE,0
2GE,G,Drying,2,RACA,1
2GE,G,Drying,2,RACA,1
2GE,G,Drying,2,RACA,1
2GE,G,Drying,2,RACA,0
2GE,G,Drying,2,RACA,0
2GE,G,Drying,2,RACA,0
2GE,G,Drying,2,RACA,0
2GE,G,Drying,2,RACA,0
2GE,G,Drying,2,RACA,0
2GE,G,Drying,2,RACA,0
2GP,G,Permanent,2,ANBO,1
2GP,G,Permanent,2,ANBO,1
2GP,G,Permanent,2,ANBO,1
2GP,G,Permanent,2,ANBO,1
2GP,G,Permanent,2,ANBO,1
2GP,G,Permanent,2,ANBO,1
2GP,G,Permanent,2,ANBO,1
2GP,G,Permanent,2,ANBO,1
2GP,G,Permanent,2,ANBO,0
2GP,G,Permanent,2,ANBO,0
2GP,G,Permanent,2,PSRE,1
2GP,G,Permanent,2,PSRE,1
2GP,G,Permanent,2,PSRE,1
2GP,G,Permanent,2,PSRE,1
2GP,G,Permanent,2,PSRE,1
2GP,G,Permanent,2,PSRE,1
2GP,G,Permanent,2,PSRE,0
2GP,G,Permanent,2,PSRE,0
2GP,G,Permanent,2,PSRE,0
2GP,G,Permanent,2,PSRE,0
2GP,G,Permanent,2,RACA,1
2GP,G,Permanent,2,RACA,1
2GP,G,Permanent,2,RACA,1
2GP,G,Permanent,2,RACA,1
2GP,G,Permanent,2,RACA,1
2GP,G,Permanent,2,RACA,1
2GP,G,Permanent,2,RACA,1
2GP,G,Permanent,2,RACA,0
2GP,G,Permanent,2,RACA,0
2GP,G,Permanent,2,RACA,0
3AE,A,Drying,3,PSRE,1
3AE,A,Drying,3,PSRE,1
3AE,A,Drying,3,PSRE,1
3AE,A,Drying,3,PSRE,1
3AE,A,Drying,3,PSRE,1
3AE,A,Drying,3,PSRE,1
3AE,A,Drying,3,PSRE,1
3AE,A,Drying,3,PSRE,1
3AE,A,Drying,3,PSRE,1
3AE,A,Drying,3,PSRE,1
3AE,A,Drying,3,PSRE,1
3AE,A,Drying,3,PSRE,1
3AE,A,Drying,3,PSRE,1
3AE,A,Drying,3,PSRE,1
3AE,A,Drying,3,PSRE,0
3AE,A,Drying,3,PSRE,0
3AE,A,Drying,3,PSRE,0
3AE,A,Drying,3,PSRE,0
3AE,A,Drying,3,PSRE,0
3AE,A,Drying,3,PSRE,0
3AE,A,Drying,3,PSRE,0
3AE,A,Drying,3,PSRE,0
3AE,A,Drying,3,PSRE,0
3AE,A,Drying,3,PSRE,0
3AE,A,Drying,3,PSRE,0
3AE,A,Drying,3,PSRE,0
3AE,A,Drying,3,PSRE,0
3AE,A,Drying,3,PSRE,0
3AE,A,Drying,3,PSRE,0
3AE,A,Drying,3,PSRE,0
3AP,A,Permanent,3,PSRE,1
3AP,A,Permanent,3,PSRE,1
3AP,A,Permanent,3,PSRE,1
3AP,A,Permanent,3,PSRE,1
3AP,A,Permanent,3,PSRE,1
3AP,A,Permanent,3,PSRE,1
3AP,A,Permanent,3,PSRE,1
3AP,A,Permanent,3,PSRE,1
3AP,A,Permanent,3,PSRE,1
3AP,A,Permanent,3,PSRE,1
3AP,A,Permanent,3,PSRE,1
3AP,A,Permanent,3,PSRE,1
3AP,A,Permanent,3,PSRE,1
3AP,A,Permanent,3,PSRE,1
3AP,A,Permanent,3,PSRE,1
3AP,A,Permanent,3,PSRE,1
3AP,A,Permanent,3,PSRE,1
3AP,A,Permanent,3,PSRE,1
3AP,A,Permanent,3,PSRE,1
3AP,A,Permanent,3,PSRE,1
3AP,A,Permanent,3,PSRE,1
3AP,A,Permanent,3,PSRE,1
3AP,A,Permanent,3,PSRE,1
3AP,A,Permanent,3,PSRE,1
3AP,A,Permanent,3,PSRE,0
3AP,A,Permanent,3,PSRE,0
3AP,A,Permanent,3,PSRE,0
3AP,A,Permanent,3,PSRE,0
3AP,A,Permanent,3,PSRE,0
3AP,A,Permanent,3,PSRE,0
3BE,B,Drying,3,RACA,1
3BE,B,Drying,3,RACA,1
3BE,B,Drying,3,RACA,1
3BE,B,Drying,3,RACA,1
3BE,B,Drying,3,RACA,1
3BE,B,Drying,3,RACA,1
3BE,B,Drying,3,RACA,1
3BE,B,Drying,3,RACA,1
3BE,B,Drying,3,RACA,1
3BE,B,Drying,3,RACA,1
3BE,B,Drying,3,RACA,1
3BE,B,Drying,3,RACA,0
3BE,B,Drying,3,RACA,0
3BE,B,Drying,3,RACA,0
3BE,B,Drying,3,RACA,0
3BE,B,Drying,3,RACA,0
3BE,B,Drying,3,RACA,0
3BE,B,Drying,3,RACA,0
3BE,B,Drying,3,RACA,0
3BE,B,Drying,3,RACA,0
3BE,B,Drying,3,RACA,0
3BE,B,Drying,3,RACA,0
3BE,B,Drying,3,RACA,0
3BE,B,Drying,3,RACA,0
3BE,B,Drying,3,RACA,0
3BE,B,Drying,3,RACA,0
3BE,B,Drying,3,RACA,0
3BE,B,Drying,3,RACA,0
3BE,B,Drying,3,RACA,0
3BE,B,Drying,3,RACA,0
3BP,B,Permanent,3,RACA,1
3BP,B,Permanent,3,RACA,1
3BP,B,Permanent,3,RACA,1
3BP,B,Permanent,3,RACA,1
3BP,B,Permanent,3,RACA,1
3BP,B,Permanent,3,RACA,1
3BP,B,Permanent,3,RACA,1
3BP,B,Permanent,3,RACA,1
3BP,B,Permanent,3,RACA,1
3BP,B,Permanent,3,RACA,1
3BP,B,Permanent,3,RACA,1
3BP,B,Permanent,3,RACA,1
3BP,B,Permanent,3,RACA,1
3BP,B,Permanent,3,RACA,0
3BP,B,Permanent,3,RACA,0
3BP,B,Permanent,3,RACA,0
3BP,B,Permanent,3,RACA,0
3BP,B,Permanent,3,RACA,0
3BP,B,Permanent,3,RACA,0
3BP,B,Permanent,3,RACA,0
3BP,B,Permanent,3,RACA,0
3BP,B,Permanent,3,RACA,0
3BP,B,Permanent,3,RACA,0
3BP,B,Permanent,3,RACA,0
3BP,B,Permanent,3,RACA,0
3BP,B,Permanent,3,RACA,0
3BP,B,Permanent,3,RACA,0
3BP,B,Permanent,3,RACA,0
3BP,B,Permanent,3,RACA,0
3BP,B,Permanent,3,RACA,0
3CE,C,Drying,3,ANBO,1
3CE,C,Drying,3,ANBO,1
3CE,C,Drying,3,ANBO,1
3CE,C,Drying,3,ANBO,1
3CE,C,Drying,3,ANBO,1
3CE,C,Drying,3,ANBO,1
3CE,C,Drying,3,ANBO,1
3CE,C,Drying,3,ANBO,1
3CE,C,Drying,3,ANBO,1
3CE,C,Drying,3,ANBO,1
3CE,C,Drying,3,ANBO,1
3CE,C,Drying,3,ANBO,1
3CE,C,Drying,3,ANBO,1
3CE,C,Drying,3,ANBO,1
3CE,C,Drying,3,ANBO,0
3CE,C,Drying,3,ANBO,0
3CE,C,Drying,3,ANBO,0
3CE,C,Drying,3,ANBO,0
3CE,C,Drying,3,ANBO,0
3CE,C,Drying,3,ANBO,0
3CE,C,Drying,3,ANBO,0
3CE,C,Drying,3,ANBO,0
3CE,C,Drying,3,ANBO,0
3CE,C,Drying,3,ANBO,0
3CE,C,Drying,3,ANBO,0
3CE,C,Drying,3,ANBO,0
3CE,C,Drying,3,ANBO,0
3CE,C,Drying,3,ANBO,0
3CE,C,Drying,3,ANBO,0
3CE,C,Drying,3,ANBO,0
3CP,C,Permanent,3,ANBO,1
3CP,C,Permanent,3,ANBO,1
3CP,C,Permanent,3,ANBO,1
3CP,C,Permanent,3,ANBO,1
3CP,C,Permanent,3,ANBO,1
3CP,C,Permanent,3,ANBO,1
3CP,C,Permanent,3,ANBO,1
3CP,C,Permanent,3,ANBO,1
3CP,C,Permanent,3,ANBO,0
3CP,C,Permanent,3,ANBO,0
3CP,C,Permanent,3,ANBO,0
3CP,C,Permanent,3,ANBO,0
3CP,C,Permanent,3,ANBO,0
3CP,C,Permanent,3,ANBO,0
3CP,C,Permanent,3,ANBO,0
3CP,C,Permanent,3,ANBO,0
3CP,C,Permanent,3,ANBO,0
3CP,C,Permanent,3,ANBO,0
3CP,C,Permanent,3,ANBO,0
3CP,C,Permanent,3,ANBO,0
3CP,C,Permanent,3,ANBO,0
3CP,C,Permanent,3,ANBO,0
3CP,C,Permanent,3,ANBO,0
3CP,C,Permanent,3,ANBO,0
3CP,C,Permanent,3,ANBO,0
3CP,C,Permanent,3,ANBO,0
3CP,C,Permanent,3,ANBO,0
3CP,C,Permanent,3,ANBO,0
3CP,C,Permanent,3,ANBO,0
3CP,C,Permanent,3,ANBO,0
3DE,D,Drying,3,PSRE,1
3DE,D,Drying,3,PSRE,1
3DE,D,Drying,3,PSRE,1
3DE,D,Drying,3,PSRE,1
3DE,D,Drying,3,PSRE,1
3DE,D,Drying,3,PSRE,1
3DE,D,Drying,3,PSRE,1
3DE,D,Drying,3,PSRE,1
3DE,D,Drying,3,PSRE,1
3DE,D,Drying,3,PSRE,0
3DE,D,Drying,3,PSRE,0
3DE,D,Drying,3,PSRE,0
3DE,D,Drying,3,PSRE,0
3DE,D,Drying,3,PSRE,0
3DE,D,Drying,3,PSRE,0
3DE,D,Drying,3,RACA,1
3DE,D,Drying,3,RACA,1
3DE,D,Drying,3,RACA,0
3DE,D,Drying,3,RACA,0
3DE,D,Drying,3,RACA,0
3DE,D,Drying,3,RACA,0
3DE,D,Drying,3,RACA,0
3DE,D,Drying,3,RACA,0
3DE,D,Drying,3,RACA,0
3DE,D,Drying,3,RACA,0
3DE,D,Drying,3,RACA,0
3DE,D,Drying,3,RACA,0
3DE,D,Drying,3,RACA,0
3DE,D,Drying,3,RACA,0
3DE,D,Drying,3,RACA,0
3DP,D,Permanent,3,PSRE,1
3DP,D,Permanent,3,PSRE,1
3DP,D,Permanent,3,PSRE,1
3DP,D,Permanent,3,PSRE,1
3DP,D,Permanent,3,PSRE,1
3DP,D,Permanent,3,PSRE,1
3DP,D,Permanent,3,PSRE,1
3DP,D,Permanent,3,PSRE,1
3DP,D,Permanent,3,PSRE,0
3DP,D,Permanent,3,PSRE,0
3DP,D,Permanent,3,PSRE,0
3DP,D,Permanent,3,PSRE,0
3DP,D,Permanent,3,PSRE,0
3DP,D,Permanent,3,PSRE,0
3DP,D,Permanent,3,PSRE,0
3DP,D,Permanent,3,RACA,1
3DP,D,Permanent,3,RACA,1
3DP,D,Permanent,3,RACA,1
3DP,D,Permanent,3,RACA,1
3DP,D,Permanent,3,RACA,1
3DP,D,Permanent,3,RACA,1
3DP,D,Permanent,3,RACA,1
3DP,D,Permanent,3,RACA,0
3DP,D,Permanent,3,RACA,0
3DP,D,Permanent,3,RACA,0
3DP,D,Permanent,3,RACA,0
3DP,D,Permanent,3,RACA,0
3DP,D,Permanent,3,RACA,0
3DP,D,Permanent,3,RACA,0
3DP,D,Permanent,3,RACA,0
3EE,E,Drying,3,ANBO,1
3EE,E,Drying,3,ANBO,1
3EE,E,Drying,3,ANBO,1
3EE,E,Drying,3,ANBO,1
3EE,E,Drying,3,ANBO,1
3EE,E,Drying,3,ANBO,1
3EE,E,Drying,3,ANBO,0
3EE,E,Drying,3,ANBO,0
3EE,E,Drying,3,ANBO,0
3EE,E,Drying,3,ANBO,0
3EE,E,Drying,3,ANBO,0
3EE,E,Drying,3,ANBO,0
3EE,E,Drying,3,ANBO,0
3EE,E,Drying,3,ANBO,0
3EE,E,Drying,3,ANBO,0
3EE,E,Drying,3,RACA,1
3EE,E,Drying,3,RACA,1
3EE,E,Drying,3,RACA,1
3EE,E,Drying,3,RACA,1
3EE,E,Drying,3,RACA,1
3EE,E,Drying,3,RACA,1
3EE,E,Drying,3,RACA,1
3EE,E,Drying,3,RACA,1
3EE,E,Drying,3,RACA,1
3EE,E,Drying,3,RACA,1
3EE,E,Drying,3,RACA,1
3EE,E,Drying,3,RACA,0
3EE,E,Drying,3,RACA,0
3EE,E,Drying,3,RACA,0
3EE,E,Drying,3,RACA,0
3EP,E,Permanent,3,ANBO,1
3EP,E,Permanent,3,ANBO,1
3EP,E,Permanent,3,ANBO,1
3EP,E,Permanent,3,ANBO,1
3EP,E,Permanent,3,ANBO,1
3EP,E,Permanent,3,ANBO,1
3EP,E,Permanent,3,ANBO,1
3EP,E,Permanent,3,ANBO,1
3EP,E,Permanent,3,ANBO,1
3EP,E,Permanent,3,ANBO,0
3EP,E,Permanent,3,ANBO,0
3EP,E,Permanent,3,ANBO,0
3EP,E,Permanent,3,ANBO,0
3EP,E,Permanent,3,ANBO,0
3EP,E,Permanent,3,ANBO,0
3EP,E,Permanent,3,RACA,1
3EP,E,Permanent,3,RACA,1
3EP,E,Permanent,3,RACA,1
3EP,E,Permanent,3,RACA,1
3EP,E,Permanent,3,RACA,1
3EP,E,Permanent,3,RACA,1
3EP,E,Permanent,3,RACA,1
3EP,E,Permanent,3,RACA,1
3EP,E,Permanent,3,RACA,1
3EP,E,Permanent,3,RACA,1
3EP,E,Permanent,3,RACA,1
3EP,E,Permanent,3,RACA,0
3EP,E,Permanent,3,RACA,0
3EP,E,Permanent,3,RACA,0
3EP,E,Permanent,3,RACA,0
3FE,F,Drying,3,ANBO,1
3FE,F,Drying,3,ANBO,1
3FE,F,Drying,3,ANBO,1
3FE,F,Drying,3,ANBO,1
3FE,F,Drying,3,ANBO,1
3FE,F,Drying,3,ANBO,0
3FE,F,Drying,3,ANBO,0
3FE,F,Drying,3,ANBO,0
3FE,F,Drying,3,ANBO,0
3FE,F,Drying,3,ANBO,0
3FE,F,Drying,3,ANBO,0
3FE,F,Drying,3,ANBO,0
3FE,F,Drying,3,ANBO,0
3FE,F,Drying,3,ANBO,0
3FE,F,Drying,3,ANBO,0
3FE,F,Drying,3,PSRE,1
3FE,F,Drying,3,PSRE,1
3FE,F,Drying,3,PSRE,1
3FE,F,Drying,3,PSRE,1
3FE,F,Drying,3,PSRE,0
3FE,F,Drying,3,PSRE,0
3FE,F,Drying,3,PSRE,0
3FE,F,Drying,3,PSRE,0
3FE,F,Drying,3,PSRE,0
3FE,F,Drying,3,PSRE,0
3FE,F,Drying,3,PSRE,0
3FE,F,Drying,3,PSRE,0
3FE,F,Drying,3,PSRE,0
3FE,F,Drying,3,PSRE,0
3FE,F,Drying,3,PSRE,0
3FP,F,Permanent,3,ANBO,1
3FP,F,Permanent,3,ANBO,1
3FP,F,Permanent,3,ANBO,1
3FP,F,Permanent,3,ANBO,1
3FP,F,Permanent,3,ANBO,1
3FP,F,Permanent,3,ANBO,1
3FP,F,Permanent,3,ANBO,0
3FP,F,Permanent,3,ANBO,0
3FP,F,Permanent,3,ANBO,0
3FP,F,Permanent,3,ANBO,0
3FP,F,Permanent,3,ANBO,0
3FP,F,Permanent,3,ANBO,0
3FP,F,Permanent,3,ANBO,0
3FP,F,Permanent,3,ANBO,0
3FP,F,Permanent,3,ANBO,0
3FP,F,Permanent,3,PSRE,1
3FP,F,Permanent,3,PSRE,1
3FP,F,Permanent,3,PSRE,1
3FP,F,Permanent,3,PSRE,1
3FP,F,Permanent,3,PSRE,1
3FP,F,Permanent,3,PSRE,1
3FP,F,Permanent,3,PSRE,1
3FP,F,Permanent,3,PSRE,0
3FP,F,Permanent,3,PSRE,0
3FP,F,Permanent,3,PSRE,0
3FP,F,Permanent,3,PSRE,0
3FP,F,Permanent,3,PSRE,0
3FP,F,Permanent,3,PSRE,0
3FP,F,Permanent,3,PSRE,0
3FP,F,Permanent,3,PSRE,0
3GE,G,Drying,3,ANBO,1
3GE,G,Drying,3,ANBO,1
3GE,G,Drying,3,ANBO,1
3GE,G,Drying,3,ANBO,1
3GE,G,Drying,3,ANBO,1
3GE,G,Drying,3,ANBO,0
3GE,G,Drying,3,ANBO,0
3GE,G,Drying,3,ANBO,0
3GE,G,Drying,3,ANBO,0
3GE,G,Drying,3,ANBO,0
3GE,G,Drying,3,PSRE,1
3GE,G,Drying,3,PSRE,1
3GE,G,Drying,3,PSRE,1
3GE,G,Drying,3,PSRE,1
3GE,G,Drying,3,PSRE,0
3GE,G,Drying,3,PSRE,0
3GE,G,Drying,3,PSRE,0
3GE,G,Drying,3,PSRE,0
3GE,G,Drying,3,PSRE,0
3GE,G,Drying,3,PSRE,0
3GE,G,Drying,3,RACA,1
3GE,G,Drying,3,RACA,1
3GE,G,Drying,3,RACA,1
3GE,G,Drying,3,RACA,1
3GE,G,Drying,3,RACA,0
3GE,G,Drying,3,RACA,0
3GE,G,Drying,3,RACA,0
3GE,G,Drying,3,RACA,0
3GE,G,Drying,3,RACA,0
3GE,G,Drying,3,RACA,0
3GP,G,Permanent,3,ANBO,1
3GP,G,Permanent,3,ANBO,1
3GP,G,Permanent,3,ANBO,1
3GP,G,Permanent,3,ANBO,1
3GP,G,Permanent,3,ANBO,1
3GP,G,Permanent,3,ANBO,0
3GP,G,Permanent,3,ANBO,0
3GP,G,Permanent,3,ANBO,0
3GP,G,Permanent,3,ANBO,0
3GP,G,Permanent,3,ANBO,0
3GP,G,Permanent,3,PSRE,1
3GP,G,Permanent,3,PSRE,1
3GP,G,Permanent,3,PSRE,1
3GP,G,Permanent,3,PSRE,1
3GP,G,Permanent,3,PSRE,0
3GP,G,Permanent,3,PSRE,0
3GP,G,Permanent,3,PSRE,0
3GP,G,Permanent,3,PSRE,0
3GP,G,Permanent,3,PSRE,0
3GP,G,Permanent,3,PSRE,0
3GP,G,Permanent,3,RACA,1
3GP,G,Permanent,3,RACA,1
3GP,G,Permanent,3,RACA,1
3GP,G,Permanent,3,RACA,1
3GP,G,Permanent,3,RACA,1
3GP,G,Permanent,3,RACA,1
3GP,G,Permanent,3,RACA,0
3GP,G,Permanent,3,RACA,0
3GP,G,Permanent,3,RACA,0
3GP,G,Permanent,3,RACA,0
4AE,A,Drying,4,PSRE,1
4AE,A,Drying,4,PSRE,1
4AE,A,Drying,4,PSRE,1
4AE,A,Drying,4,PSRE,1
4AE,A,Drying,4,PSRE,1
4AE,A,Drying,4,PSRE,1
4AE,A,Drying,4,PSRE,1
4AE,A,Drying,4,PSRE,1
4AE,A,Drying,4,PSRE,1
4AE,A,Drying,4,PSRE,1
4AE,A,Drying,4,PSRE,1
4AE,A,Drying,4,PSRE,1
4AE,A,Drying,4,PSRE,1
4AE,A,Drying,4,PSRE,1
4AE,A,Drying,4,PSRE,1
4AE,A,Drying,4,PSRE,1
4AE,A,Drying,4,PSRE,1
4AE,A,Drying,4,PSRE,1
4AE,A,Drying,4,PSRE,1
4AE,A,Drying,4,PSRE,1
4AE,A,Drying,4,PSRE,1
4AE,A,Drying,4,PSRE,1
4AE,A,Drying,4,PSRE,0
4AE,A,Drying,4,PSRE,0
4AE,A,Drying,4,PSRE,0
4AE,A,Drying,4,PSRE,0
4AE,A,Drying,4,PSRE,0
4AE,A,Drying,4,PSRE,0
4AE,A,Drying,4,PSRE,0
4AE,A,Drying,4,PSRE,0
4AP,A,Permanent,4,PSRE,1
4AP,A,Permanent,4,PSRE,1
4AP,A,Permanent,4,PSRE,1
4AP,A,Permanent,4,PSRE,1
4AP,A,Permanent,4,PSRE,1
4AP,A,Permanent,4,PSRE,1
4AP,A,Permanent,4,PSRE,1
4AP,A,Permanent,4,PSRE,1
4AP,A,Permanent,4,PSRE,1
4AP,A,Permanent,4,PSRE,1
4AP,A,Permanent,4,PSRE,1
4AP,A,Permanent,4,PSRE,1
4AP,A,Permanent,4,PSRE,1
4AP,A,Permanent,4,PSRE,1
4AP,A,Permanent,4,PSRE,1
4AP,A,Permanent,4,PSRE,1
4AP,A,Permanent,4,PSRE,1
4AP,A,Permanent,4,PSRE,1
4AP,A,Permanent,4,PSRE,1
4AP,A,Permanent,4,PSRE,1
4AP,A,Permanent,4,PSRE,1
4AP,A,Permanent,4,PSRE,1
4AP,A,Permanent,4,PSRE,0
4AP,A,Permanent,4,PSRE,0
4AP,A,Permanent,4,PSRE,0
4AP,A,Permanent,4,PSRE,0
4AP,A,Permanent,4,PSRE,0
4AP,A,Permanent,4,PSRE,0
4AP,A,Permanent,4,PSRE,0
4AP,A,Permanent,4,PSRE,0
4BE,B,Drying,4,RACA,1
4BE,B,Drying,4,RACA,1
4BE,B,Drying,4,RACA,1
4BE,B,Drying,4,RACA,1
4BE,B,Drying,4,RACA,1
4BE,B,Drying,4,RACA,1
4BE,B,Drying,4,RACA,1
4BE,B,Drying,4,RACA,1
4BE,B,Drying,4,RACA,1
4BE,B,Drying,4,RACA,1
4BE,B,Drying,4,RACA,1
4BE,B,Drying,4,RACA,1
4BE,B,Drying,4,RACA,1
4BE,B,Drying,4,RACA,1
4BE,B,Drying,4,RACA,1
4BE,B,Drying,4,RACA,1
4BE,B,Drying,4,RACA,1
4BE,B,Drying,4,RACA,0
4BE,B,Drying,4,RACA,0
4BE,B,Drying,4,RACA,0
4BE,B,Drying,4,RACA,0
4BE,B,Drying,4,RACA,0
4BE,B,Drying,4,RACA,0
4BE,B,Drying,4,RACA,0
4BE,B,Drying,4,RACA,0
4BE,B,Drying,4,RACA,0
4BE,B,Drying,4,RACA,0
4BE,B,Drying,4,RACA,0
4BE,B,Drying,4,RACA,0
4BE,B,Drying,4,RACA,0
4BP,B,Permanent,4,RACA,1
4BP,B,Permanent,4,RACA,1
4BP,B,Permanent,4,RACA,1
4BP,B,Permanent,4,RACA,1
4BP,B,Permanent,4,RACA,1
4BP,B,Permanent,4,RACA,1
4BP,B,Permanent,4,RACA,1
4BP,B,Permanent,4,RACA,1
4BP,B,Permanent,4,RACA,1
4BP,B,Permanent,4,RACA,1
4BP,B,Permanent,4,RACA,1
4BP,B,Permanent,4,RACA,1
4BP,B,Permanent,4,RACA,1
4BP,B,Permanent,4,RACA,1
4BP,B,Permanent,4,RACA,1
4BP,B,Permanent,4,RACA,1
4BP,B,Permanent,4,RACA,0
4BP,B,Permanent,4,RACA,0
4BP,B,Permanent,4,RACA,0
4BP,B,Permanent,4,RACA,0
4BP,B,Permanent,4,RACA,0
4BP,B,Permanent,4,RACA,0
4BP,B,Permanent,4,RACA,0
4BP,B,Permanent,4,RACA,0
4BP,B,Permanent,4,RACA,0
4BP,B,Permanent,4,RACA,0
4BP,B,Permanent,4,RACA,0
4BP,B,Permanent,4,RACA,0
4BP,B,Permanent,4,RACA,0
4BP,B,Permanent,4,RACA,0
4CE,C,Drying,4,ANBO,1
4CE,C,Drying,4,ANBO,1
4CE,C,Drying,4,ANBO,1
4CE,C,Drying,4,ANBO,1
4CE,C,Drying,4,ANBO,1
4CE,C,Drying,4,ANBO,1
4CE,C,Drying,4,ANBO,1
4CE,C,Drying,4,ANBO,1
4CE,C,Drying,4,ANBO,1
4CE,C,Drying,4,ANBO,1
4CE,C,Drying,4,ANBO,1
4CE,C,Drying,4,ANBO,0
4CE,C,Drying,4,ANBO,0
4CE,C,Drying,4,ANBO,0
4CE,C,Drying,4,ANBO,0
4CE,C,Drying,4,ANBO,0
4CE,C,Drying,4,ANBO,0
4CE,C,Drying,4,ANBO,0
4CE,C,Drying,4,ANBO,0
4CE,C,Drying,4,ANBO,0
4CE,C,Drying,4,ANBO,0
4CE,C,Drying,4,ANBO,0
4CE,C,Drying,4,ANBO,0
4CE,C,Drying,4,ANBO,0
4CE,C,Drying,4,ANBO,0
4CE,C,Drying,4,ANBO,0
4CE,C,Drying,4,ANBO,0
4CE,C,Drying,4,ANBO,0
4CE,C,Drying,4,ANBO,0
4CE,C,Drying,4,ANBO,0
4CP,C,Permanent,4,ANBO,1
4CP,C,Permanent,4,ANBO,1
4CP,C,Permanent,4,ANBO,1
4CP,C,Permanent,4,ANBO,1
4CP,C,Permanent,4,ANBO,1
4CP,C,Permanent,4,ANBO,1
4CP,C,Permanent,4,ANBO,1
4CP,C,Permanent,4,ANBO,1
4CP,C,Permanent,4,ANBO,1
4CP,C,Permanent,4,ANBO,1
4CP,C,Permanent,4,ANBO,1
4CP,C,Permanent,4,ANBO,1
4CP,C,Permanent,4,ANBO,1
4CP,C,Permanent,4,ANBO,1
4CP,C,Permanent,4,ANBO,1
4CP,C,Permanent,4,ANBO,1
4CP,C,Permanent,4,ANBO,1
4CP,C,Permanent,4,ANBO,1
4CP,C,Permanent,4,ANBO,1
4CP,C,Permanent,4,ANBO,1
4CP,C,Permanent,4,ANBO,1
4CP,C,Permanent,4,ANBO,1
4CP,C,Permanent,4,ANBO,0
4CP,C,Permanent,4,ANBO,0
4CP,C,Permanent,4,ANBO,0
4CP,C,Permanent,4,ANBO,0
4CP,C,Permanent,4,ANBO,0
4CP,C,Permanent,4,ANBO,0
4CP,C,Permanent,4,ANBO,0
4CP,C,Permanent,4,ANBO,0
4DE,D,Drying,4,PSRE,1
4DE,D,Drying,4,PSRE,1
4DE,D,Drying,4,PSRE,1
4DE,D,Drying,4,PSRE,1
4DE,D,Drying,4,PSRE,1
4DE,D,Drying,4,PSRE,1
4DE,D,Drying,4,PSRE,0
4DE,D,Drying,4,PSRE,0
4DE,D,Drying,4,PSRE,0
4DE,D,Drying,4,PSRE,0
4DE,D,Drying,4,PSRE,0
4DE,D,Drying,4,PSRE,0
4DE,D,Drying,4,PSRE,0
4DE,D,Drying,4,PSRE,0
4DE,D,Drying,4,PSRE,0
4DE,D,Drying,4,RACA,1
4DE,D,Drying,4,RACA,1
4DE,D,Drying,4,RACA,1
4DE,D,Drying,4,RACA,1
4DE,D,Drying,4,RACA,1
4DE,D,Drying,4,RACA,1
4DE,D,Drying,4,RACA,1
4DE,D,Drying,4,RACA,1
4DE,D,Drying,4,RACA,1
4DE,D,Drying,4,RACA,1
4DE,D,Drying,4,RACA,0
4DE,D,Drying,4,RACA,0
4DE,D,Drying,4,RACA,0
4DE,D,Drying,4,RACA,0
4DE,D,Drying,4,RACA,0
4DP,D,Permanent,4,PSRE,1
4DP,D,Permanent,4,PSRE,1
4DP,D,Permanent,4,PSRE,0
4DP,D,Permanent,4,PSRE,0
4DP,D,Permanent,4,PSRE,0
4DP,D,Permanent,4,PSRE,0
4DP,D,Permanent,4,PSRE,0
4DP,D,Permanent,4,PSRE,0
4DP,D,Permanent,4,PSRE,0
4DP,D,Permanent,4,PSRE,0
4DP,D,Permanent,4,PSRE,0
4DP,D,Permanent,4,PSRE,0
4DP,D,Permanent,4,PSRE,0
4DP,D,Permanent,4,PSRE,0
4DP,D,Permanent,4,PSRE,0
4DP,D,Permanent,4,RACA,1
4DP,D,Permanent,4,RACA,0
4DP,D,Permanent,4,RACA,0
4DP,D,Permanent,4,RACA,0
4DP,D,Permanent,4,RACA,0
4DP,D,Permanent,4,RACA,0
4DP,D,Permanent,4,RACA,0
4DP,D,Permanent,4,RACA,0
4DP,D,Permanent,4,RACA,0
4DP,D,Permanent,4,RACA,0
4DP,D,Permanent,4,RACA,0
4DP,D,Permanent,4,RACA,0
4DP,D,Permanent,4,RACA,0
4DP,D,Permanent,4,RACA,0
4DP,D,Permanent,4,RACA,0
4EE,E,Drying,4,ANBO,1
4EE,E,Drying,4,ANBO,1
4EE,E,Drying,4,ANBO,1
4EE,E,Drying,4,ANBO,1
4EE,E,Drying,4,ANBO,0
4EE,E,Drying,4,ANBO,0
4EE,E,Drying,4,ANBO,0
4EE,E,Drying,4,ANBO,0
4EE,E,Drying,4,ANBO,0
4EE,E,Drying,4,ANBO,0
4EE,E,Drying,4,ANBO,0
4EE,E,Drying,4,ANBO,0
4EE,E,Drying,4,ANBO,0
4EE,E,Drying,4,ANBO,0
4EE,E,Drying,4,ANBO,0
4EE,E,Drying,4,RACA,1
4EE,E,Drying,4,RACA,1
4EE,E,Drying,4,RACA,1
4EE,E,Drying,4,RACA,1
4EE,E,Drying,4,RACA,1
4EE,E,Drying,4,RACA,1
4EE,E,Drying,4,RACA,1
4EE,E,Drying,4,RACA,1
4EE,E,Drying,4,RACA,1
4EE,E,Drying,4,RACA,1
4EE,E,Drying,4,RACA,0
4EE,E,Drying,4,RACA,0
4EE,E,Drying,4,RACA,0
4EE,E,Drying,4,RACA,0
4EE,E,Drying,4,RACA,0
4EP,E,Permanent,4,ANBO,1
4EP,E,Permanent,4,ANBO,1
4EP,E,Permanent,4,ANBO,1
4EP,E,Permanent,4,ANBO,1
4EP,E,Permanent,4,ANBO,1
4EP,E,Permanent,4,ANBO,1
4EP,E,Permanent,4,ANBO,1
4EP,E,Permanent,4,ANBO,1
4EP,E,Permanent,4,ANBO,0
4EP,E,Permanent,4,ANBO,0
4EP,E,Permanent,4,ANBO,0
4EP,E,Permanent,4,ANBO,0
4EP,E,Permanent,4,ANBO,0
4EP,E,Permanent,4,ANBO,0
4EP,E,Permanent,4,ANBO,0
4EP,E,Permanent,4,RACA,1
4EP,E,Permanent,4,RACA,0
4EP,E,Permanent,4,RACA,0
4EP,E,Permanent,4,RACA,0
4EP,E,Permanent,4,RACA,0
4EP,E,Permanent,4,RACA,0
4EP,E,Permanent,4,RACA,0
4EP,E,Permanent,4,RACA,0
4EP,E,Permanent,4,RACA,0
4EP,E,Permanent,4,RACA,0
4EP,E,Permanent,4,RACA,0
4EP,E,Permanent,4,RACA,0
4EP,E,Permanent,4,RACA,0
4EP,E,Permanent,4,RACA,0
4EP,E,Permanent,4,RACA,0
4FE,F,Drying,4,ANBO,1
4FE,F,Drying,4,ANBO,1
4FE,F,Drying,4,ANBO,1
4FE,F,Drying,4,ANBO,1
4FE,F,Drying,4,ANBO,1
4FE,F,Drying,4,ANBO,1
4FE,F,Drying,4,ANBO,1
4FE,F,Drying,4,ANBO,1
4FE,F,Drying,4,ANBO,1
4FE,F,Drying,4,ANBO,1
4FE,F,Drying,4,ANBO,1
4FE,F,Drying,4,ANBO,1
4FE,F,Drying,4,ANBO,1
4FE,F,Drying,4,ANBO,1
4FE,F,Drying,4,ANBO,0
4FE,F,Drying,4,PSRE,1
4FE,F,Drying,4,PSRE,1
4FE,F,Drying,4,PSRE,1
4FE,F,Drying,4,PSRE,1
4FE,F,Drying,4,PSRE,1
4FE,F,Drying,4,PSRE,1
4FE,F,Drying,4,PSRE,1
4FE,F,Drying,4,PSRE,1
4FE,F,Drying,4,PSRE,1
4FE,F,Drying,4,PSRE,1
4FE,F,Drying,4,PSRE,1
4FE,F,Drying,4,PSRE,0
4FE,F,Drying,4,PSRE,0
4FE,F,Drying,4,PSRE,0
4FE,F,Drying,4,PSRE,0
4FP,F,Permanent,4,ANBO,0
4FP,F,Permanent,4,ANBO,0
4FP,F,Permanent,4,ANBO,0
4FP,F,Permanent,4,ANBO,0
4FP,F,Permanent,4,ANBO,0
4FP,F,Permanent,4,ANBO,0
4FP,F,Permanent,4,ANBO,0
4FP,F,Permanent,4,ANBO,0
4FP,F,Permanent,4,ANBO,0
4FP,F,Permanent,4,ANBO,0
4FP,F,Permanent,4,ANBO,0
4FP,F,Permanent,4,ANBO,0
4FP,F,Permanent,4,ANBO,0
4FP,F,Permanent,4,ANBO,0
4FP,F,Permanent,4,ANBO,0
4FP,F,Permanent,4,PSRE,1
4FP,F,Permanent,4,PSRE,1
4FP,F,Permanent,4,PSRE,1
4FP,F,Permanent,4,PSRE,1
4FP,F,Permanent,4,PSRE,1
4FP,F,Permanent,4,PSRE,1
4FP,F,Permanent,4,PSRE,1
4FP,F,Permanent,4,PSRE,0
4FP,F,Permanent,4,PSRE,0
4FP,F,Permanent,4,PSRE,0
4FP,F,Permanent,4,PSRE,0
4FP,F,Permanent,4,PSRE,0
4FP,F,Permanent,4,PSRE,0
4FP,F,Permanent,4,PSRE,0
4FP,F,Permanent,4,PSRE,0
4GE,G,Drying,4,ANBO,1
4GE,G,Drying,4,ANBO,1
4GE,G,Drying,4,ANBO,1
4GE,G,Drying,4,ANBO,1
4GE,G,Drying,4,ANBO,1
4GE,G,Drying,4,ANBO,0
4GE,G,Drying,4,ANBO,0
4GE,G,Drying,4,ANBO,0
4GE,G,Drying,4,ANBO,0
4GE,G,Drying,4,ANBO,0
4GE,G,Drying,4,PSRE,1
4GE,G,Drying,4,PSRE,1
4GE,G,Drying,4,PSRE,1
4GE,G,Drying,4,PSRE,1
4GE,G,Drying,4,PSRE,0
4GE,G,Drying,4,PSRE,0
4GE,G,Drying,4,PSRE,0
4GE,G,Drying,4,PSRE,0
4GE,G,Drying,4,PSRE,0
4GE,G,Drying,4,PSRE,0
4GE,G,Drying,4,RACA,1
4GE,G,Drying,4,RACA,1
4GE,G,Drying,4,RACA,1
4GE,G,Drying,4,RACA,0
4GE,G,Drying,4,RACA,0
4GE,G,Drying,4,RACA,0
4GE,G,Drying,4,RACA,0
4GE,G,Drying,4,RACA,0
4GE,G,Drying,4,RACA,0
4GE,G,Drying,4,RACA,0
4GP,G,Permanent,4,ANBO,1
4GP,G,Permanent,4,ANBO,1
4GP,G,Permanent,4,ANBO,0
4GP,G,Permanent,4,ANBO,0
4GP,G,Permanent,4,ANBO,0
4GP,G,Permanent,4,ANBO,0
4GP,G,Permanent,4,ANBO,0
4GP,G,Permanent,4,ANBO,0
4GP,G,Permanent,4,ANBO,0
4GP,G,Permanent,4,ANBO,0
4GP,G,Permanent,4,PSRE,1
4GP,G,Permanent,4,PSRE,1
4GP,G,Permanent,4,PSRE,1
4GP,G,Permanent,4,PSRE,1
4GP,G,Permanent,4,PSRE,1
4GP,G,Permanent,4,PSRE,1
4GP,G,Permanent,4,PSRE,1
4GP,G,Permanent,4,PSRE,1
4GP,G,Permanent,4,PSRE,0
4GP,G,Permanent,4,PSRE,0
4GP,G,Permanent,4,RACA,1
4GP,G,Permanent,4,RACA,1
4GP,G,Permanent,4,RACA,0
4GP,G,Permanent,4,RACA,0
4GP,G,Permanent,4,RACA,0
4GP,G,Permanent,4,RACA,0
4GP,G,Permanent,4,RACA,0
4GP,G,Permanent,4,RACA,0
4GP,G,Permanent,4,RACA,0
4GP,G,Permanent,4,RACA,0
5AE,A,Drying,5,PSRE,1
5AE,A,Drying,5,PSRE,1
5AE,A,Drying,5,PSRE,1
5AE,A,Drying,5,PSRE,1
5AE,A,Drying,5,PSRE,1
5AE,A,Drying,5,PSRE,1
5AE,A,Drying,5,PSRE,1
5AE,A,Drying,5,PSRE,1
5AE,A,Drying,5,PSRE,0
5AE,A,Drying,5,PSRE,0
5AE,A,Drying,5,PSRE,0
5AE,A,Drying,5,PSRE,0
5AE,A,Drying,5,PSRE,0
5AE,A,Drying,5,PSRE,0
5AE,A,Drying,5,PSRE,0
5AE,A,Drying,5,PSRE,0
5AE,A,Drying,5,PSRE,0
5AE,A,Drying,5,PSRE,0
5AE,A,Drying,5,PSRE,0
5AE,A,Drying,5,PSRE,0
5AE,A,Drying,5,PSRE,0
5AE,A,Drying,5,PSRE,0
5AE,A,Drying,5,PSRE,0
5AE,A,Drying,5,PSRE,0
5AE,A,Drying,5,PSRE,0
5AE,A,Drying,5,PSRE,0
5AE,A,Drying,5,PSRE,0
5AE,A,Drying,5,PSRE,0
5AE,A,Drying,5,PSRE,0
5AE,A,Drying,5,PSRE,0
5AP,A,Permanent,5,PSRE,1
5AP,A,Permanent,5,PSRE,1
5AP,A,Permanent,5,PSRE,1
5AP,A,Permanent,5,PSRE,1
5AP,A,Permanent,5,PSRE,1
5AP,A,Permanent,5,PSRE,1
5AP,A,Permanent,5,PSRE,1
5AP,A,Permanent,5,PSRE,0
5AP,A,Permanent,5,PSRE,0
5AP,A,Permanent,5,PSRE,0
5AP,A,Permanent,5,PSRE,0
5AP,A,Permanent,5,PSRE,0
5AP,A,Permanent,5,PSRE,0
5AP,A,Permanent,5,PSRE,0
5AP,A,Permanent,5,PSRE,0
5AP,A,Permanent,5,PSRE,0
5AP,A,Permanent,5,PSRE,0
5AP,A,Permanent,5,PSRE,0
5AP,A,Permanent,5,PSRE,0
5AP,A,Permanent,5,PSRE,0
5AP,A,Permanent,5,PSRE,0
5AP,A,Permanent,5,PSRE,0
5AP,A,Permanent,5,PSRE,0
5AP,A,Permanent,5,PSRE,0
5AP,A,Permanent,5,PSRE,0
5AP,A,Permanent,5,PSRE,0
5AP,A,Permanent,5,PSRE,0
5AP,A,Permanent,5,PSRE,0
5AP,A,Permanent,5,PSRE,0
5AP,A,Permanent,5,PSRE,0
5BE,B,Drying,5,RACA,1
5BE,B,Drying,5,RACA,1
5BE,B,Drying,5,RACA,1
5BE,B,Drying,5,RACA,1
5BE,B,Drying,5,RACA,1
5BE,B,Drying,5,RACA,0
5BE,B,Drying,5,RACA,0
5BE,B,Drying,5,RACA,0
5BE,B,Drying,5,RACA,0
5BE,B,Drying,5,RACA,0
5BE,B,Drying,5,RACA,0
5BE,B,Drying,5,RACA,0
5BE,B,Drying,5,RACA,0
5BE,B,Drying,5,RACA,0
5BE,B,Drying,5,RACA,0
5BE,B,Drying,5,RACA,0
5BE,B,Drying,5,RACA,0
5BE,B,Drying,5,RACA,0
5BE,B,Drying,5,RACA,0
5BE,B,Drying,5,RACA,0
5BE,B,Drying,5,RACA,0
5BE,B,Drying,5,RACA,0
5BE,B,Drying,5,RACA,0
5BE,B,Drying,5,RACA,0
5BE,B,Drying,5,RACA,0
5BE,B,Drying,5,RACA,0
5BE,B,Drying,5,RACA,0
5BE,B,Drying,5,RACA,0
5BE,B,Drying,5,RACA,0
5BE,B,Drying,5,RACA,0
5BP,B,Permanent,5,RACA,1
5BP,B,Permanent,5,RACA,1
5BP,B,Permanent,5,RACA,1
5BP,B,Permanent,5,RACA,1
5BP,B,Permanent,5,RACA,0
5BP,B,Permanent,5,RACA,0
5BP,B,Permanent,5,RACA,0
5BP,B,Permanent,5,RACA,0
5BP,B,Permanent,5,RACA,0
5BP,B,Permanent,5,RACA,0
5BP,B,Permanent,5,RACA,0
5BP,B,Permanent,5,RACA,0
5BP,B,Permanent,5,RACA,0
5BP,B,Permanent,5,RACA,0
5BP,B,Permanent,5,RACA,0
5BP,B,Permanent,5,RACA,0
5BP,B,Permanent,5,RACA,0
5BP,B,Permanent,5,RACA,0
5BP,B,Permanent,5,RACA,0
5BP,B,Permanent,5,RACA,0
5BP,B,Permanent,5,RACA,0
5BP,B,Permanent,5,RACA,0
5BP,B,Permanent,5,RACA,0
5BP,B,Permanent,5,RACA,0
5BP,B,Permanent,5,RACA,0
5BP,B,Permanent,5,RACA,0
5BP,B,Permanent,5,RACA,0
5BP,B,Permanent,5,RACA,0
5BP,B,Permanent,5,RACA,0
5BP,B,Permanent,5,RACA,0
5CE,C,Drying,5,ANBO,1
5CE,C,Drying,5,ANBO,1
5CE,C,Drying,5,ANBO,1
5CE,C,Drying,5,ANBO,1
5CE,C,Drying,5,ANBO,1
5CE,C,Drying,5,ANBO,1
5CE,C,Drying,5,ANBO,1
5CE,C,Drying,5,ANBO,1
5CE,C,Drying,5,ANBO,1
5CE,C,Drying,5,ANBO,1
5CE,C,Drying,5,ANBO,1
5CE,C,Drying,5,ANBO,1
5CE,C,Drying,5,ANBO,1
5CE,C,Drying,5,ANBO,1
5CE,C,Drying,5,ANBO,1
5CE,C,Drying,5,ANBO,1
5CE,C,Drying,5,ANBO,1
5CE,C,Drying,5,ANBO,0
5CE,C,Drying,5,ANBO,0
5CE,C,Drying,5,ANBO,0
5CE,C,Drying,5,ANBO,0
5CE,C,Drying,5,ANBO,0
5CE,C,Drying,5,ANBO,0
5CE,C,Drying,5,ANBO,0
5CE,C,Drying,5,ANBO,0
5CE,C,Drying,5,ANBO,0
5CE,C,Drying,5,ANBO,0
5CE,C,Drying,5,ANBO,0
5CE,C,Drying,5,ANBO,0
5CE,C,Drying,5,ANBO,0
5CP,C,Permanent,5,ANBO,1
5CP,C,Permanent,5,ANBO,1
5CP,C,Permanent,5,ANBO,1
5CP,C,Permanent,5,ANBO,1
5CP,C,Permanent,5,ANBO,1
5CP,C,Permanent,5,ANBO,1
5CP,C,Permanent,5,ANBO,1
5CP,C,Permanent,5,ANBO,1
5CP,C,Permanent,5,ANBO,1
5CP,C,Permanent,5,ANBO,1
5CP,C,Permanent,5,ANBO,1
5CP,C,Permanent,5,ANBO,1
5CP,C,Permanent,5,ANBO,0
5CP,C,Permanent,5,ANBO,0
5CP,C,Permanent,5,ANBO,0
5CP,C,Permanent,5,ANBO,0
5CP,C,Permanent,5,ANBO,0
5CP,C,Permanent,5,ANBO,0
5CP,C,Permanent,5,ANBO,0
5CP,C,Permanent,5,ANBO,0
5CP,C,Permanent,5,ANBO,0
5CP,C,Permanent,5,ANBO,0
5CP,C,Permanent,5,ANBO,0
5CP,C,Permanent,5,ANBO,0
5CP,C,Permanent,5,ANBO,0
5CP,C,Permanent,5,ANBO,0
5CP,C,Permanent,5,ANBO,0
5CP,C,Permanent,5,ANBO,0
5CP,C,Permanent,5,ANBO,0
5CP,C,Permanent,5,ANBO,0
5DE,D,Drying,5,PSRE,1
5DE,D,Drying,5,PSRE,1
5DE,D,Drying,5,PSRE,1
5DE,D,Drying,5,PSRE,1
5DE,D,Drying,5,PSRE,1
5DE,D,Drying,5,PSRE,0
5DE,D,Drying,5,PSRE,0
5DE,D,Drying,5,PSRE,0
5DE,D,Drying,5,PSRE,0
5DE,D,Drying,5,PSRE,0
5DE,D,Drying,5,PSRE,0
5DE,D,Drying,5,PSRE,0
5DE,D,Drying,5,PSRE,0
5DE,D,Drying,5,PSRE,0
5DE,D,Drying,5,PSRE,0
5DE,D,Drying,5,RACA,1
5DE,D,Drying,5,RACA,1
5DE,D,Drying,5,RACA,0
5DE,D,Drying,5,RACA,0
5DE,D,Drying,5,RACA,0
5DE,D,Drying,5,RACA,0
5DE,D,Drying,5,RACA,0
5DE,D,Drying,5,RACA,0
5DE,D,Drying,5,RACA,0
5DE,D,Drying,5,RACA,0
5DE,D,Drying,5,RACA,0
5DE,D,Drying,5,RACA,0
5DE,D,Drying,5,RACA,0
5DE,D,Drying,5,RACA,0
5DE,D,Drying,5,RACA,0
5DP,D,Permanent,5,PSRE,1
5DP,D,Permanent,5,PSRE,1
5DP,D,Permanent,5,PSRE,1
5DP,D,Permanent,5,PSRE,1
5DP,D,Permanent,5,PSRE,1
5DP,D,Permanent,5,PSRE,0
5DP,D,Permanent,5,PSRE,0
5DP,D,Permanent,5,PSRE,0
5DP,D,Permanent,5,PSRE,0
5DP,D,Permanent,5,PSRE,0
5DP,D,Permanent,5,PSRE,0
5DP,D,Permanent,5,PSRE,0
5DP,D,Permanent,5,PSRE,0
5DP,D,Permanent,5,PSRE,0
5DP,D,Permanent,5,PSRE,0
5DP,D,Permanent,5,RACA,1
5DP,D,Permanent,5,RACA,1
5DP,D,Permanent,5,RACA,1
5DP,D,Permanent,5,RACA,0
5DP,D,Permanent,5,RACA,0
5DP,D,Permanent,5,RACA,0
5DP,D,Permanent,5,RACA,0
5DP,D,Permanent,5,RACA,0
5DP,D,Permanent,5,RACA,0
5DP,D,Permanent,5,RACA,0
5DP,D,Permanent,5,RACA,0
5DP,D,Permanent,5,RACA,0
5DP,D,Permanent,5,RACA,0
5DP,D,Permanent,5,RACA,0
5DP,D,Permanent,5,RACA,0
5EE,E,Drying,5,ANBO,1
5EE,E,Drying,5,ANBO,1
5EE,E,Drying,5,ANBO,1
5EE,E,Drying,5,ANBO,1
5EE,E,Drying,5,ANBO,0
5EE,E,Drying,5,ANBO,0
5EE,E,Drying,5,ANBO,0
5EE,E,Drying,5,ANBO,0
5EE,E,Drying,5,ANBO,0
5EE,E,Drying,5,ANBO,0
5EE,E,Drying,5,ANBO,0
5EE,E,Drying,5,ANBO,0
5EE,E,Drying,5,ANBO,0
5EE,E,Drying,5,ANBO,0
5EE,E,Drying,5,ANBO,0
5EE,E,Drying,5,RACA,1
5EE,E,Drying,5,RACA,0
5EE,E,Drying,5,RACA,0
5EE,E,Drying,5,RACA,0
5EE,E,Drying,5,RACA,0
5EE,E,Drying,5,RACA,0
5EE,E,Drying,5,RACA,0
5EE,E,Drying,5,RACA,0
5EE,E,Drying,5,RACA,0
5EE,E,Drying,5,RACA,0
5EE,E,Drying,5,RACA,0
5EE,E,Drying,5,RACA,0
5EE,E,Drying,5,RACA,0
5EE,E,Drying,5,RACA,0
5EE,E,Drying,5,RACA,0
5EP,E,Permanent,5,ANBO,1
5EP,E,Permanent,5,ANBO,0
5EP,E,Permanent,5,ANBO,0
5EP,E,Permanent,5,ANBO,0
5EP,E,Permanent,5,ANBO,0
5EP,E,Permanent,5,ANBO,0
5EP,E,Permanent,5,ANBO,0
5EP,E,Permanent,5,ANBO,0
5EP,E,Permanent,5,ANBO,0
5EP,E,Permanent,5,ANBO,0
5EP,E,Permanent,5,ANBO,0
5EP,E,Permanent,5,ANBO,0
5EP,E,Permanent,5,ANBO,0
5EP,E,Permanent,5,ANBO,0
5EP,E,Permanent,5,ANBO,0
5EP,E,Permanent,5,RACA,0
5EP,E,Permanent,5,RACA,0
5EP,E,Permanent,5,RACA,0
5EP,E,Permanent,5,RACA,0
5EP,E,Permanent,5,RACA,0
5EP,E,Permanent,5,RACA,0
5EP,E,Permanent,5,RACA,0
5EP,E,Permanent,5,RACA,0
5EP,E,Permanent,5,RACA,0
5EP,E,Permanent,5,RACA,0
5EP,E,Permanent,5,RACA,0
5EP,E,Permanent,5,RACA,0
5EP,E,Permanent,5,RACA,0
5EP,E,Permanent,5,RACA,0
5EP,E,Permanent,5,RACA,0
5FE,F,Drying,5,ANBO,1
5FE,F,Drying,5,ANBO,1
5FE,F,Drying,5,ANBO,1
5FE,F,Drying,5,ANBO,1
5FE,F,Drying,5,ANBO,1
5FE,F,Drying,5,ANBO,1
5FE,F,Drying,5,ANBO,1
5FE,F,Drying,5,ANBO,1
5FE,F,Drying,5,ANBO,1
5FE,F,Drying,5,ANBO,1
5FE,F,Drying,5,ANBO,1
5FE,F,Drying,5,ANBO,1
5FE,F,Drying,5,ANBO,1
5FE,F,Drying,5,ANBO,0
5FE,F,Drying,5,ANBO,0
5FE,F,Drying,5,PSRE,1
5FE,F,Drying,5,PSRE,1
5FE,F,Drying,5,PSRE,1
5FE,F,Drying,5,PSRE,1
5FE,F,Drying,5,PSRE,0
5FE,F,Drying,5,PSRE,0
5FE,F,Drying,5,PSRE,0
5FE,F,Drying,5,PSRE,0
5FE,F,Drying,5,PSRE,0
5FE,F,Drying,5,PSRE,0
5FE,F,Drying,5,PSRE,0
5FE,F,Drying,5,PSRE,0
5FE,F,Drying,5,PSRE,0
5FE,F,Drying,5,PSRE,0
5FE,F,Drying,5,PSRE,0
5FP,F,Permanent,5,ANBO,1
5FP,F,Permanent,5,ANBO,1
5FP,F,Permanent,5,ANBO,1
5FP,F,Permanent,5,ANBO,1
5FP,F,Permanent,5,ANBO,1
5FP,F,Permanent,5,ANBO,1
5FP,F,Permanent,5,ANBO,1
5FP,F,Permanent,5,ANBO,1
5FP,F,Permanent,5,ANBO,1
5FP,F,Permanent,5,ANBO,0
5FP,F,Permanent,5,ANBO,0
5FP,F,Permanent,5,ANBO,0
5FP,F,Permanent,5,ANBO,0
5FP,F,Permanent,5,ANBO,0
5FP,F,Permanent,5,ANBO,0
5FP,F,Permanent,5,PSRE,1
5FP,F,Permanent,5,PSRE,1
5FP,F,Permanent,5,PSRE,0
5FP,F,Permanent,5,PSRE,0
5FP,F,Permanent,5,PSRE,0
5FP,F,Permanent,5,PSRE,0
5FP,F,Permanent,5,PSRE,0
5FP,F,Permanent,5,PSRE,0
5FP,F,Permanent,5,PSRE,0
5FP,F,Permanent,5,PSRE,0
5FP,F,Permanent,5,PSRE,0
5FP,F,Permanent,5,PSRE,0
5FP,F,Permanent,5,PSRE,0
5FP,F,Permanent,5,PSRE,0
5FP,F,Permanent,5,PSRE,0
5GE,G,Drying,5,ANBO,1
5GE,G,Drying,5,ANBO,1
5GE,G,Drying,5,ANBO,1
5GE,G,Drying,5,ANBO,0
5GE,G,Drying,5,ANBO,0
5GE,G,Drying,5,ANBO,0
5GE,G,Drying,5,ANBO,0
5GE,G,Drying,5,ANBO,0
5GE,G,Drying,5,ANBO,0
5GE,G,Drying,5,ANBO,0
5GE,G,Drying,5,PSRE,1
5GE,G,Drying,5,PSRE,0
5GE,G,Drying,5,PSRE,0
5GE,G,Drying,5,PSRE,0
5GE,G,Drying,5,PSRE,0
5GE,G,Drying,5,PSRE,0
5GE,G,Drying,5,PSRE,0
5GE,G,Drying,5,PSRE,0
5GE,G,Drying,5,PSRE,0
5GE,G,Drying,5,PSRE,0
5GE,G,Drying,5,RACA,1
5GE,G,Drying,5,RACA,1
5GE,G,Drying,5,RACA,0
5GE,G,Drying,5,RACA,0
5GE,G,Drying,5,RACA,0
5GE,G,Drying,5,RACA,0
5GE,G,Drying,5,RACA,0
5GE,G,Drying,5,RACA,0
5GE,G,Drying,5,RACA,0
5GE,G,Drying,5,RACA,0
5GP,G,Permanent,5,ANBO,1
5GP,G,Permanent,5,ANBO,1
5GP,G,Permanent,5,ANBO,1
5GP,G,Permanent,5,ANBO,1
5GP,G,Permanent,5,ANBO,1
5GP,G,Permanent,5,ANBO,1
5GP,G,Permanent,5,ANBO,1
5GP,G,Permanent,5,ANBO,1
5GP,G,Permanent,5,ANBO,1
5GP,G,Permanent,5,ANBO,0
5GP,G,Permanent,5,PSRE,1
5GP,G,Permanent,5,PSRE,1
5GP,G,Permanent,5,PSRE,1
5GP,G,Permanent,5,PSRE,1
5GP,G,Permanent,5,PSRE,1
5GP,G,Permanent,5,PSRE,1
5GP,G,Permanent,5,PSRE,0
5GP,G,Permanent,5,PSRE,0
5GP,G,Permanent,5,PSRE,0
5GP,G,Permanent,5,PSRE,0
5GP,G,Permanent,5,RACA,1
5GP,G,Permanent,5,RACA,1
5GP,G,Permanent,5,RACA,0
5GP,G,Permanent,5,RACA,0
5GP,G,Permanent,5,RACA,0
5GP,G,Permanent,5,RACA,0
5GP,G,Permanent,5,RACA,0
5GP,G,Permanent,5,RACA,0
5GP,G,Permanent,5,RACA,0
5GP,G,Permanent,5,RACA,0
